has_opinion	sentence
1	"Ambiente agradável, bons pratos, comida saborosa , bom serviço, vale a pena conferir, bom tempero, recomendo"
1	"Lugar muito agradável, comida excelente é importante o bom atendimento dos garçons."
0	"Recomendo."
0	"Pedimos um pirarucu ao molho de tucupi e não arrependemos"
1	"O Coqueiro verde serve uma deliciosa carne de sol, também contam com serviço de entrega o que é uma boa pedida para quem não quer sair de casa.. O serviço no restaurante é simples, a comida também, mas muito gostosa.."
1	"Ambiente confortável, ótimo atendimento com um garçon simpático, ele nos contou a história do empreendimento e sempre bem solícito."
1	"Comida Boa por um bom preço."
0	"O restaurante fica dentro do hotel Vila Amazônia"
1	"Boa carne, atendimento eficiente e grande variedade de saladas."
1	"Local agradável."
0	"Sucos com frutas locais além dos tradicionais."
1	"Adoro as pizzas e o almoço, nas duas unidades."
1	"O atendimento também é muito bom."
1	"Delivery também vale super a pena.. a pizza chega bem quentinha!"
0	"Estivemos no kawamura para provar o sashimi, mas acabamos provando outros pratos tbm, gostamos de tudo, porém faltou um pouquinho de tempero na costelinha de porco."
0	"Mas nada que nos impeça de voltar"
0	"Tambaqui um dos peixes mais gostosos de Manaus e região você pode comprar e fazer o mesmo caldeirada ou assado na brasa com o famoso tucupi, pimenta da região."
0	"Parada obrigatória sempre que vou a Manaus!!"
0	"Tucunaré, tambaqui e pirarucu, é só escolher, cada um melhor que o outro."
1	"Atendimento bom, local familiar."
1	"Amei conhecer,o açaí é delicioso!Tem bastante opção em comida regional,o que nos deixa bem servidos!Super recomendo."
1	"O tacacá continua bom, mas o problema ainda é o preço."
0	"Inclusive, recentemente houve um aumento para R$18,00."
0	"Resultado: só dá para provar de vez em quando."
1	"Como alternativa, o tacacá do parque rio negro é tão bom quanto e custa bem menos."
1	"Deliciosos pratos."
1	"Local aconchegante e familar."
1	"Boa comida e boa bebida."
0	"Ideal para desfrutar um jantar romantico."
0	"Tucunaré escabeche, e primeira, pirão a gosto."
1	"Tucunaré peixada sem igual."
0	"Vários tipos de molho regional, com tucupi e outros."
1	"A Cachaçaria do Dedé do Shop Manauara brilha aos olhos: é linda, imponente, a decoração é fantástica e você pode ficar ao ladinho de árvores nativas da Amazônia."
1	"Os pratos, petiscos e bebidas são nota 10!"
1	"Mas....... o serviço às vezes deixa muito a desejar.... mais pela demora."
0	"Então, tenha paciência!"
0	"rs O bar lota nos fins de tarde, principalmente às sextas feiras."
0	"No andar de cima, o burburinho chega a ser insuportável de tanta gente!"
0	"rs Mas se vc quer se divertir, relaxar e degustar pratos deliciosos (experimente o Pirarucu na chapa!"
0	"), aguente..... rs Vale a pena!"
1	"Mesmo com os preços um pouco salgados...."
1	"Vale a pena fazer uma visita e conferir os pratos deliciosos, é um lugar seguro, confortável,refrigerado, familiar e romântico, preço  acessível,"
0	"Muito bom."
0	"Tanto no atendimento quanto no ambiente, e, principalmente nas variedades encontradas para um excelente café."
1	"Ideal para o domingo de manhã com a família, pois possui um ambiente agradável e uma ótima localização."
0	"Já fui diversas vezes e sempre levando amigos e parentes para conhecer."
0	"Porém, da última vez que fui, depois de meses sem ir, notei que o preço aumentou, mas a qualidade não."
0	"As sopas permanecem as mesmas, com as pequenas variações de sempre em conta do dia da semana e eles nem servem mais água."
0	"Para quem não conhece ainda, recomendo."
0	"Mas acho difícil a casa manter visitantes frequentes com a concorrência que aumenta."
1	"Otimo rodizio de carne tanto para o almoço como para o jantar, preço bastante em conta, grande variedade de comida, alem de carne, tem massa, saladas, ambiente bom, amplo, atendimento excelente."
0	"SUPER RECOMENDO."
0	"A tradição gaúcha está bem representada o a Búfalo."
1	"Cortes especiais das mais nobres carnes são um convite todo especial."
1	"Delicioso, variado e completo buffet."
1	"Pratos quentes fenomenais."
0	"Também com opção de comida japonesa e peixes em geral."
0	"Agrada facilmente todos os gostos."
1	"Ambiente amplo, confortável e muito agradável."
1	"Atendimento nota 10."
1	"Exelente localização."
0	"O nome do restaurante pode dar uma conotação de vender apenas lanches, mas não é assim, pois possui uma diversidade de sopas no rodízio que oferece."
1	"E é uma delicia, com destaque para a sopa de carne com legumes acompanhada da deliciosa torradinha."
1	"atendimento deixa a desejar."
0	"Nem sempre fui bem atendida."
0	"Mesmo os não vegetarianos comerão bem."
1	"Comida de qualidade, com pouco óleo, lembra os restaurantes Adventistas."
0	"Almoçamos em uma sexta feira, fomos em 2 famílias."
1	"A comida estava boa e bem servida."
1	"O ambiente é amplo com 2 andares e banheiros bastante limpos."
1	"O atendimento é cordial."
0	"O que nos incomodou foi o volume do som da apresentação de um cantor, não permitia conversar em um tom normal, acabou nos irritando."
1	"O cardápio é bem variado, gostoso, mas o atendimento é muito ruim."
0	"As garçonetes atendem com um mau humor...parece que estão fazendo um favor, eu mesmo pedi uma tapioca e estou esperando entregarem até hoje!"
1	"Precisa melhorar muito o atendimento ou dar um treinamento porque a comida é muito boa e aquelas funcionárias afundam o restaurante."
0	"Rodízio contém pizzas e massas e além disso tem cardápio, estacionamento não tem."
0	"Contém também sopas"
1	"O restaurante do SENAC é bem situado."
1	"Ambiente super higienizado, atendimento excelente, os preços são ótimos."
1	"As comidas são excelentes."
0	"Muito bom..., aconselho!."
1	"Vale experimentar o tambaqui na brasa, é muito bom!!!"
1	"O restaurante é sem luxo, mas o atendimento é muito bom, com garçons simpáticos."
1	"Muito bom o atendimento."
1	"Cardápio variado."
0	"Culinária regional e deliciosa."
1	"Ambiente agradável."
1	"Custo benefício alto."
0	"So vale a pena em datas especiais."
0	"Recomendo conhecer."
0	"Lanche em um bairro tradicional e antido de manaus, localizado mas precisamente em uma area rodeada de auto peças."
0	"O tacacá da Gisela, juntamente com o governo do Estado, promovem todas as quartas o tacacá na bossa que é um evento onde os artistas locais se apresentam no largo."
1	"Ótima opção para quem está a passeio pela cidade e quer experimentar um tacacá e ouvir boa música."
0	"O tacacá não é um dos melhores, mas a música compensa."
1	"Comida muito boa."
1	"Casa muito linda, grande e elegante."
1	"Buffet variado de pratos quentes e frios."
1	"Churrascaria perfeita, Fanatástica!"
0	"Imperdivel!"
1	"Excelente comida, excelente atendimento."
1	"Pouca tempo de espera se consideramos que era uma data festiva."
1	"Eu recomendo o Banzeiro, um lugar perfeito para comer uma comida tipica da região e boa qualidade."
0	"Manaus esta de parabéns!"
0	"Ótimo lugar para ir comemorar aniversarios, confraternizações e tudo mais."
1	"O preço é mais salgado mas é justo."
1	"Ambiente bem amplo."
1	"Atendimento muito eficaz!"
0	"Recomendo!"
1	"Variação no cardipio 100% regional, comida quentinha e muito saborosa, tambaqui assado sem espinha juntamente com a farofa de castanha e aquele suco de cupuaçu, melhor degustação que já tive."
0	"Sim, em Manaus tem opções todos os dias da semana, e no Armando começa na segunda feira!!!"
1	"Tem música ao vivo, bolinho de bacalhau, bebidas geladas, bom atendimento, gente de todas as partes do mundo!!!"
0	"É sem sombra de dúvidas um dos melhores bares da cidade, sem frescura!!!"
0	"A melhor coisa dessa padaria é a possibilidade de montar seu próprio sanduíche com as opções da casa."
1	"Apesar de não ser um lanche pra matar a fome (ainda mais porque não é tão barato assim), é uma ótima opção para acompanhar um cafezinho."
1	"Cafezinho esse que aliás, é muito bom."
1	"O lugar é adoravel, oferece um excelente serviço e o lugar perfeito para um jantarzinho a dois... Para quem gosta de massa este é um ótimo restaurante..."
1	"Um lugar aconchegante, seguro, tem estacionamento, atendimento é bom, os preços são moderados, cardápio variado, sopas, vale a pena conhecer."
1	"A melhor peixaria da cidade!"
1	"Ambiente agradável e culinária apurada, tendo como principais ingredientes os belos peixes de água doce da região."
1	"O preço é um pouco acima da média, mas vale cada centavo que custa."
0	"Recomendo"
0	"Comemos um prato Camarões Beira mar!"
0	"É excepcional, mas poderia vim um pouco mais..."
0	"Serve três pessoas."
0	"Vem como acompanhamento batata cozida e arroz com brócolis!"
0	"Coco Bambu sempre tem fila!"
0	"É bom ligar antes para fazer a reserva."
1	"Ligue o quanto antes porque o horário para agendar reserva é limitado."
1	"Hamburgueria artesanal com tempero diferenciado, de primeira qualidade, fora o atendimento no qual diferencia por serem bilíngues,."
0	"Recomendo quem quer saciar a fome.."
1	"Os pratos são bem servidos, por isso atenção, o pedido para uma pessoa geralmente vem com dois filés ou postas, dependendo do seu apetite e do seu bolso...peça o que lhe for melhor."
1	"Uma excelente descoberta que fiz em terras manauaras ao localizar este simpático restaurante de peixe amazônico próximo ao hotel em que estive hospedado (Blue Tree Premium)."
0	"Como já disse o cardápio principal é de peixe amazônico."
0	"Experimentei o 'Tambaqui na Telha'."
0	"No jantar em que estive havia música ao vivo com um ótimo cantor de MPB."
1	"Local agradável, vale a visita e excelente custo benefício (1 prato serve 3)."
1	"ótimo restaurante e ótimo atendimento, fomos atendidos pelo sr. Pedro Jacks muito atencioso, gostei de mais."
1	"Excelente peixe, para quem esta localizado no Distrito Industrial, excelente pedida para almoço."
0	"dica Matrinxã recheada."
1	"É um restaurante executivo com buffet gostoso e serviço a la carte bem no centrinho da cidade mas é bem pequeno."
0	"Funciona para almoço e jantar."
1	"Nota 10 restaurante com comidas típicas e variadas para todos gostos atendimento nota mil super recomendo fantástico voltaria com certeza!!!"
0	"Comparativamente ao Coco Bambu de Brasília, achei os pratos melhores servidos de camarão."
1	"Lugar novo , dentro do shopping Ponta Negra."
1	"Serviço bom."
1	"Som ao vivo agradavel."
0	"Pratos dão até para três pessoas."
1	"Muito bom, recomendo atendimento 100% Agradeço o Ricardo José pelo excelente atendimento e o prato de camarão show!!!"
1	"O atendimento foi ótimo, a entrada (banana pacová com patê de algum peixe) foi uma delícia e o tambaqui, em si, um espetáculo!"
0	"Recomendo!"
1	"O preço também é ótimo!"
1	"Comida regional chique demais."
0	"Ambiente frequentado pela elite de Manaus."
0	"Encontrei até jogador de vôlei (Nalbert)."
0	"E vi um peixe tambaqui de 40 Kg!!!"
0	"Pratos usando produtos regionais mas com inovações."
1	"Ambiente agradável com decoração lembrando a Amazônia como parede imitando escamas de pirarucu e casa de pau-a-pique."
1	"Melhor rodízio de pizza de manaus (de terça a quinta-feira), a pizza com massa fininha, bem recheada e com vários sabores, muito bom!!"
1	"O rodízio tem um preço acima dos concorrentes, mas vale o cobrado pela qualidade oferecida."
1	"O serviço é bom, sempre tem um garçom por perto e o bacana é que possui um estacionamento gratuito bem em frente."
0	"O gergelim na borda é a marca registrada da pizzaria e vai muito bem com os sabores salgados."
0	"Para beber uma dica é o mate que fazem, que acompanha bem a pizza."
1	"Já na sobremesa, as pizzas de cupuaçu e de mm's já fazem valer o rodízio, por serem sensacionais."
0	"Manaus tem peixarias muito boas e a Choupana, sem dúvida está entre as melhores!"
1	"A comida é ótima, saborosa e bem preparada."
1	"O ambiente é agradabilíssimo!"
0	"Recomendo!"
1	"Coco bambu é maravilhoso em qualquer lugar!"
0	"Camarão internacional para duas pessoas serve tranquilo para três!"
1	"De sobremesa a cocada ao forno com sorvete é espetacular!"
1	"Sem duvidas, o Restaurante Banzeiro é uma das melhores peixarias de Manaus!"
1	"A criatividade na elaboração dos pratos é fantástica!"
1	"Uma explosão de sabores regionais inigualável!"
0	"Atualmente peca, é muito, pela falta de compromisso com o horário de atendimento (fechamento) pela parte da noite!"
0	"Visito o restaurante com certa frequência e muitas foram as vezes q mesmo chegando antes das 23:00 ( horário de fechamento, em tese)encontrei com a plaquinha minúscula, pouco visível de dentro do carro, avisando que já estava fechado."
0	"Saudades do tempo em q o maître Adonias  nos  atendia e aos demais clientes, com rigor no cumprimento do horário!."
0	"Lamentável um restaurante da categoria do Banzeiro, não respeitar os clientes com o Básico., qual seja, cumprimento do horário!"
0	"Saudades do que já tivemos!"
0	"Entre um vôo e outro , já que no aeroporto de Manaus ainda não tem NEHUM restaurante , arriscamos esse ."
1	"O local é bastante simples e até que o preço cobrado não é tão "simples" assim , mas a comida era boa ."
0	"Apenas fiquei surpresa pois era num sábado as 21:00 e não havia nenhuma mesa ocupada além da nossa."
0	"Uma pena!"
1	"O nome engana - o lugar tem uma variedade enorme de todo tipo de bebidas, comidas tipicas deliciosas padrão gourmet, um ambiente aconchegante."
0	"Quem entra não tem pressa de sair."
1	"Excelente atendimento, garçom Ebrahim muito educado e atencioso."
0	"Recomendo o restaurante, o melhor de Manaus!"
1	"Ótima variedade de sucos."
1	"Salgados e sanduíches saborosos, porém o valor exorbitante cobrado me deixa insatisfeito."
1	"Restaurante muito bom e concorrido de Manaus."
1	"Comida regional com pratos generosos."
0	"Muito bom com muitas opções, além do tradiconal peixe, tem também outros pratos para quem não come peixe."
1	"Preço justo"
1	"Comida saborosa."
0	"Impecável."
1	"Peixe estava bem preparado no ponto e com acompanhamentos deliciosos."
0	"O único problema foi no atendimento, pois o garçom deveria ser novo e não sabia explicar as bebidas por exemplo."
0	"Mas valeu a pena."
1	"Boas pixzzas e boas massas."
1	"Lugar aconchegante e tranquilo."
1	"Atendimento razoavel, principalmente quando está cheio."
1	"Preço justo pela qualidade dos pratos."
0	"Vim comer nessa pizzaria no domingo."
0	"Foi bastante tranquilo e a pizza veio rápido."
1	"Achei bem saborosa e com recheio de qualidade."
1	"Não gostei muito da borda com gergelim, algo fora do padrão de pizza."
0	"Mas de maneira geral valeu a pena."
1	"Quando se está com muita fome e sem opção o Habibs pode ser a saída....o ambiente não é agradável e comida é razoável."
0	"Uma boa opção para quem quer comer rápido, mas fugindo do barulho da praça de alimentação."
1	"Buffet com opções variadas e saborosas."
0	"De sobremesa, peça o petit gateau !"
1	"Serve lanches e cerveja gelada, tem mesinhas fora do estabelecimento, funciona em uma casa antiga o que faz parte do seu charme."
0	"Recomendo."
1	"Recentemente inaugurado e em plena Savassi, o restaurante é um local agradável, com sua cozinha espanhola com influência mediterrânea, conta também com um espaço cultural com exposições de artes, apresentações artísticas e dança flamenca."
0	"Seu carro chefe são as paellas valencianas e marinera."
0	"Imperdíveis!"
1	"O bar fica próximo ao Teatro Amazonas, e geralmente tem música ao vivo acompanhada de cerveja gelada."
0	"Para comer uma boa pedida é o sanduíche de pernil e bolinhos de bacalhau."
1	"O ambiente é agradável em razão da diversidade de seus frequentadores."
1	"Um lugar seguro, agradável, aconchegante, preço acessível, bem localizado, faça uma visita com a sua família ou amigos."
1	"Sabor da comida fantástico, em qualquer especialidade típica da região."
1	"Além do atendimento e ambiente super confortável."
1	"Além de continuar com um bom self service, com destaque para as sobremesas, também tem boas opções a la carte."
0	"Mas o destaque são os drinks preparados pelo Marcolino, principalmente as caipirinhas de cupuaçu e a tradicional."
1	"Também tem bons shows folclóricos nas quintas feira."
0	"Bom para experimentar releituras de pratos da comida regional."
0	"Adorei TUDO que experimentei, especialmente, o pesto de Jambu."
1	"Fora isso, o atendimento é MUITO bom e o ambiente/vista são lindos."
1	"As empanadas deste lugar são deliciosas, e as cervejas também, tem boa opção de vinho!!"
1	"Gostei, pena que o lugar é pequeno, muitas vezes não tem lugares disponíveis!"
0	"Muito bom!"
1	"A carne de sol é ótima, muito bem servida, as Cervejas do Dedé são muito saborosas, principalmente a Dunkel, o atendimento é top"
1	"Esta sorveteria é muito simpática, bem em frente ao Teatro Amazonas, na praça."
1	"Experimentei o sorvete de Creme de Cupuaçu, delicioso!"
0	"Tem outros sabores de frutas locais e também os usuais."
1	"Além disso, o pessoal que atende é muito gentil!"
1	"Muito bom, local simples de boa qualidade, sucos deliciosos e abundantes."
1	"Preço razoável."
0	"Aconselho conhecer!."
1	"adorei estar neste lugar o qual possue um otimo cardapio regional local alem do otimo atendimento o local e bastante amplo e bem climatizado com amplo estacionamento e otima localizacao.. recomendo a todos.."
1	"É uma delicia a carne sol do coqueiro verde, com mais os bolinhos de macaxeira frita."
1	"Padrão de qualidade, bom atendimento, o preço é razoável."
1	"boa localização, bonito, amplo , limpo, pessoal atencioso , comida super agradável, e farta ; as carnes sao da melhor qualidade"
1	"Excelente comida, cozinha aberta a visita, estacionamento amplo, lugar bem aconchegante, amplo, bom atendimento, selv service."
1	"Ótimo atendimento, carnes saborosíssimas, ambiente agradável com brinquedoteca, boa opção para os pais que tem filhos pequenos."
0	"Não deixe de pedir o steak de alcatra e a costela com molho barbecue.. são fantásticos!"
0	"Vou sempre que posso."
1	"Deliciosamente ,variedades no cardápio ,ambiente confortável e com um preçinho saboroso,indico p todos,vale conferir"
0	"Fui no almoço."
1	"Primeiro o garçom foi inconveniente ao insistir no que deveríamos pedir, pedimos de entrada um camarão de 76 reais que não estava bem preparado."
1	"Depois de muita dúvida pois o cardápio é muito extenso e repetitivo, pedimos um camarão Iracema(157 reais) que no cardápio dizia servir até  4 pessoas, talvez serviria se a quarta pessoa aceitasse comer só arroz de leite, pois sobrou uma quantidade enorme, camarão mesmo que é bom achei que só come no máximo 3."
0	"De acompanhamento uma porção de macaxeira que nem comemos pois estava dura."
1	"Resultado, 300 reais a conta pra três pessoas, lugar bonito mas a comida, o atendimento e o preço não valeu a pena."
1	"Fui diversas vezes desde qdo mudei pra Manaus e trouxe as visitas ( turistas) pra ter a experiência de tomar sopas variadas em sistema de buffet, em ambiente rústico e amplo.Todos sempre gostaram da experiência"
0	"Os garçons falam como se fossem ada nossa família!"
1	"O ambiente é sofisticado e há bastante opção de acompanhamento, desde saladas, geleias, queijos e o tradicional para um churrasco."
0	"Achei que faltou o feijão normal, pois só tinha o tropeiro!"
0	"Na entrada, há cachaças artesanais para os clientes provarem!"
0	"O local é caro, então faça valer a pena e coma muito!"
1	"Se você procura comer um bom bacalhau, estará no lugar certo."
1	"Experimentei dois pratos e ambos estavam divinos."
1	"O ambiente é muito bonito, mas nem tanto acolhedor."
1	"Os funcionários são educados, porém, numa das vezes que estivemos houve um problema com a conta (erro da casa) e a mesma não se esforçou para resolvê-lo."
0	"Um casa desse nível não poderia ter tal comportamento."
1	"Todavia, o preço dos pratos são assustadores, muito embora um prato individual serve com fartura duas pessoas, mas ainda assim o preço é puxado."
1	"Boa estrutura, ótima comida, esperava ais variedade, serve rodízio e a la carte, atendimento bom, poderia ter maior área climatizada, não identifiquei mobilidade para cadeirantes, idosos, se for em um numero grande de pessoas, é bom fazer uma reserva."
0	"A Cantina Ghiotto é um dos pouquíssimos restaurantes em Manaus que está sempre se reinventando e buscando maneiras de melhorar seu espaço e serviço pra melhor atender seus clientes."
0	"Isso verdadeiramente me impressiona!"
1	"Ótima opção pra quem gosta de um rodízio de massa e pizza em um ambiente descontraído repleto de jovens e muita energia positiva."
1	"Atendimento sempre excelente !"
1	"Comida típica da região, gostosa, feita com capricho, peixes frescos, tudo muito gostoso!!"
1	"Atendimento excelente, garçons muito atenciosos!"
0	"Foi uma experiência incrível e única!"
0	"Um restaurante que representa muito bem a potencialidade da comida nortense."
0	"Muito bem preparado e elaborado, apesar do cargo chefe ser uma alimentação bem pesada, ainda assim o indico (pirarucu amazônico)."
1	"Infelizmente as bebidas pra quem quer uma experiência completa, não vai de total encontro a expectativa, caipirinhas e caipiroskas mal elaboradas, mas logico os sucos são muito bem feitos e a batida de cacau sensacional."
0	"Tem pratos feitos com muito requinte (camarão com castanha) e pratos feitos como se fosse de casa (sardinha frita com baião)."
0	"Indico para quem quiser ter uma experiencia amazônica diferenciada."
0	"Afinal de contas o melhor cozinheiro do Brasil varias vezes consecutivas não é a toa."
1	"é um otimo restaurante, os pratos sao muito bons, o ambiente e o atendimento também, porém há um problema com a acústica do restaurante, muito barulhento"
1	"Ambiente ótimo pra ir com amigos, comida muito boa mesmo."
1	"A decoração é linda e voce pode caminhar pelo local e conhecer cachaças de varias partes do país e do mundo, e o melhor estão todas a venda, otimo ambiente."
0	"Super recomendo."
1	"Excelente churrascaria."
0	"Após alguns dias comendo apenas os pratos da região com peixe, resolvi comer uma boa carne e fiquei muito satisfeito com o restaurante."
1	"O ambiente é bem agradável."
0	"Para quem prefere menos barulho, sugiro ficar na parte superior."
1	"Pedi a picanha e a carne veio suculenta e no ponto certo."
1	"O atendimento também foi ótimo e a comida veio super rápido."
1	"Local bonito e agradável, localizado dentro do shopping Manauara."
0	"Muitas opções de drinks e bebidas."
1	"O atendimento deixou um pouco a desejar porque tinha garçons que não sabiam quais os chopes disponíveis na casa e chegamos a ficar 15 min esperando uma rodada com um monte de garçom ocioso."
0	"Mesmo assim recomendo o local, basta ser paciente."
1	"Apesar de não terem matrinxã assado, o qual queria jantar, o tambaqui estava saboroso e a farofa branca com ovo estava muito bom."
0	"O que eu pedi e gostei foram o escondidinho de carne de sol e uma carne na chapa, muito gostosa mesmo."
1	"além da variedade de bebidas e um chopp bem geladinho."
0	"Ótima opção para uma sexta feira explorando Manaus ."
1	"O local é lindo , a comida é ótima (sem falar na batida de coco!!)"
1	", música ao vivo e o atendimento perfeito do garçom Bruno ."
0	"Podendo , voltaremos !"
1	"É horrivel, o atendimento vai de mal a pior só depende do astral dos funcionários, além disso para "mundo" de alguma coisa essa  casa passa muito longe!"
1	"é um lugar agradável por estar no Largo, no entanto poderia ser um ótimo lugar se mudasse a administração, seria realmente um lugar interessante de se conhecer!"
1	"para jantar recomendo, pratos diferenciados, não tradicionais, ou melhor tradicionais modificados, o chefe tem um menu muito gostoso."
1	"o lugar é agradável, pequeno, parece com o japao realmente."
1	"Grande bufê  que inclui além de pratos quentes, sushis e saladas que servem de acompanhamento para os variados tipos de carne que é servido."
0	"Vale à pena chegar chegar cedo para pegar uma boa mesa e curtir as promoções de happy hour do Outback."
1	"O atendimento é muito bom; a comida, saborosa; o chopp está sempre na temperatura certa!"
0	"Claro que, com a casa cheia, há um pouco mais de demora, mas nada que prejudique a experiência."
0	"Dica: se puder sentar na varanda, o som ambiente não atrapalha as conversas."
0	"Jantamos no Jamie’s de Curitiba a poucos dias."
1	"Embora seja um restaurante recém inaugurado o atendimento é ótimo."
0	"Serviço prestado com atenção e cuidado ao consumidor."
0	"Fomos atendidos pelo Fernando."
1	"A comida é muito boa."
1	"Com cardápio variado."
0	"Fácil de agradar."
1	"Boa carta de vinhos."
1	"E o preço não é abusivo."
0	"Vale conferir."
1	"Um bom atendimento, a comida estava deliciosa, tudo na medida certa, a localização do restaurante é ótima, o saber de comidas regionais pe o que mais surpreende, voltarei outras vezes com certeza !!!!"
1	"A comida é extremamente saborosa e os pratos são bem servidos."
1	"O ambiente é bastante simples e o serviço deixou a desejar."
0	"O preço de bebidas, principalmente dos coquetéis, são acima da média e a comida tem preço compatível com a qualidade."
0	"Vale a visita"
1	"Lanchonete com variedade em lanches e sucos, um bom atendimento e está em uma boa localização da cidade."
1	"Excelente atendimento agilade rapidez desdo garçom a gerência chopp gelado ambiente agradável parabéns...Voltaremos quando estivermos em Curitiba."
1	"O ambiente é bem amplo, iluminado."
0	"Nenhum luxo, mas é agradável."
1	"Atendimento muito cordial dos funcionários."
0	"Pedi um fetuccini com picanha: o serviço não foi muito rápido, mas o problema é que a comida estava fria."
1	"Caro demais."
0	"Recomendo procurar outros restaurantes na área."
0	"Pela música fizemos o sacrifício de entrar, não tem couvert artístico e nem 10%, o que é uma deslavada mentira pois já estão embutidos nos preços do cardápio."
1	"O cardápio é outra falácia, pois pedimos uns 4 itens que não estavam disponíveis."
1	"Boteco bem simples com preço de Bistrô."
1	"Um bom lugar para estar com a família e/ou amigos, incluindo crianças."
1	"Restaurante muito aconchegante e com bom atendimento."
1	"A cozinheira veio até à nossa mesa e se colocou à disposição para confirmar o bom atendimento."
1	"Preço bom e comida muito boa."
0	"Frequento o restaurante a 3 anos e toda vez que eu vou sou bem tratada."
1	"Os sushis são diferentes, frescos e incríveis."
0	"Os especiais da casa são os coringas e meus favoritos."
0	"Com sobremesa inclusa de rolinho primavera de doce de leite."
0	"SENSACIONAL."
0	"Amooo."
0	"Endereco tradicional paulistano."
0	"Sem rococos alheios ao padrao original de uma excelente casa de carnes a churrascaria prima pelas carnes, servico e buffet (saladas, queijos, iguarias / sem frutos do mar)."
0	"Fui por indicação a esse restaurante e realmente fiquei muito surpresa."
1	"Primeiro que o serviço é excelente e o cardápio, apesar de pequeno, contempla todos os gostos."
1	"Comi gnui e estava maravilhoso."
0	"De sobremesa um doce com aipim, sorvete de côco e doce de leite."
0	"O côco pesou para mim, mas essa é uma intolerância minha."
1	"A sobremesa estava excelente."
0	"A minha amiga que comeu também não teve problema algum."
0	"Recomendo e voltarei!"
0	"Difícil não sair satisfeito do Rascal."
0	"O Buffet tem uma variedade de saladas maravilhosa que se completa com os pratos quentes do dia."
1	"Almoço caseiro muito bom, três opções de carne, muita variedade de saladas, três frutas, um bufê de sobremesas incrivel, com bolos e tortas doces e dois sucos naturais, o melhor é o preço, R$18,90 a vontade!!!"
1	"Ambiente rústico que traz o apelo artesanal."
1	"O cardápio conta com pizzas de sabores diferenciados, bebidas interessantes e preços compatíveis."
1	"A fabricação é visível aos clientes e o atendimento é bom."
1	"Bem localizado na Av."
0	"Dom Severino, local nobre da zona leste da cidade."
1	"Fui com amigos comemorar um aniversário, por fora o prédio é bem velho e feio."
0	"No ambiente do restaurante temos a vista a beira mar de Niteroi e da ponte, esse acredito ser o ponto alto do restaurante."
1	"As estradas foram boas mas o como prato principal pedi um bacalhau para dois e não achei grande coisa, estava bom mas um pouco ressecado."
1	"De sobremesa pedi um sorvete  que vem com dois tipos de mousses, porção bem pequena."
0	"Não pedimos vinho ou alguma bebida cara para elevar o preço."
0	"Em resumo, nada que justifique o preço de R$ 194,40 por pessoa."
0	"Recomendo!"
1	"Estive almoço de Natal do Fogo de Chão Danto Amaro e o atendimento foi excepcional."
0	"Destaque para o Mateus, Maciel e em especial o Carlos"
1	"É tipo um boteco sofisticado."
1	"O espaço é apertado , mas o serviço é bom e os aperitivos são de qualidade , muito bons."
0	"Freqüentado pelos moradores do Leblon."
1	"Muito bem localizado em frente à praia de Meirelles, pouco depois da popular "feirinha", com excelente atendimento e ambiente muito agradável."
0	"Comi a famosa carne seca na moranga, que faz jus à sua fama."
0	"Bem servido para duas pessoas, vem acompanhada de arroz e salada verde com vinagrete de rapdura."
0	"Recomendo também a Caipirosca de morango."
0	"Fui num domingo, dia em que a dupla de músicos atendia na hora os pedidos dos clientes e tocavam de sertanejo a rock, passando por mpb e bossa nova."
1	"O restaurante Coco Bambu de Fortaleza/CE é excelente, com dezenas de opções de pratos, variando entre peixes, frangos e carnes vermelhas."
0	"Há também dezenas de opções de bebidas (quentes ou frias) e sobremesas variadas."
1	"O atendimento é extremamente agradável, com garçons muito solícitos e simpáticos."
0	"Como não poderia deixar de ser, nem tudo é perfeito."
1	"O preço do restaurante é alto, mas a quantidade de comida nos pratos vale muito à pena e serve bem ao menos 2 pessoas."
1	"Restaurante com atendimento cordial, preço na média da região e boa variedade de pratos e sobremesas."
0	"As sobremesas merecem destaque pela variedade e sabor."
1	"Local muito bom , na Passarela do Caranguejo."
1	"Com excelente comida e música ao vivo."
1	"Destaque para a decoração que achei incrível ."
1	"ótimo atendimento."
1	"Preço dentro da média ."
0	"Vale a pena conhecer."
1	"A melhor cerveja artesanal de Belém, fica na Cervejaria Amazon Beer, localizada na Estação das Docas, próximo ao ver-o-peso, um dos ambientes mais indicados para os turistas, além, de poder ver o por-do-sol a beira da baia do guajará."
0	"Existe diversos tipos de cervejas, como a com sabor de açaí, taperebá e bacuri."
1	"As pizzas da Forneria são ótimas!!"
1	"Massa deliciosa, ingredientes de qualidade."
1	"O atendimento é muito bom e o preço bem justo."
0	"Pizza simples (margherita) sai por R$ 47, uma mais elaborada por R$ 56!!"
0	"O restaurante é especializado na cozinha portuguesa."
1	"Atendimento muito bom, o bacalhau esplêndido."
1	"O único defeito é o espaço que é pequeno."
1	"Os pratos quentes do restaurantes são deliciosos."
0	"Restaurante a kilo , normalmente são de baixo custo , atenção , não é o caso deste !"
1	"O kilo perto dos R $ 75,00 torna o almoço de rotina muito caro , permitindo o cálculo e trazendo o almoço no Mangai pra uma realidade possível , quanto ao sabor ... muito bom !"
0	"Bom mesmo."
1	"Comida perfeita, atendimento do garçom Wemerson nota 10, música agradável, ambiente agradável"
1	"Bebida sempre gelada , pessoas bonitas  e simpáticas , lugar perfeito para fazer amizades e passar a noite toda bebendo e comendo!"
1	"Atendimento top, Wemerson garçom com um atendimento impecável, chopp gelado e comida de primeira."
1	"Muito bom!!!"
1	"A comida do restaurante é maravilhosa, com boa variedade de pratos e vinhos, o ambiente também é fenomenal."
1	"Porém o atendimento deixa muito a desejar, a entrada demorou muito mais que o prato principal, acredito que esqueceram de encaminhar o pedido, a coca-cola que pedimos não veio, tivemos que pedir a outro garçom."
1	"E os preços são um pouco caro, nada exorbitante, mas R$ 16,50 numa entrada simples de apenas 06 torradas de brusqueta e R$ 51,00 num prato de macarrão simples com molho vermelho é um pouco defasado da realidade."
1	"comida muito boa e de alto nível, lugar super agradável e atendimento de primeira."
0	"parabéns aos proprietários ."
1	"Comidas típicas do Nordeste, decoração rústica é bem aconchegante com atendimento ótimo e estacionamento privativo."
1	"Lugar pequeno e no ápice do sucesso, então é normal que tenha fila."
1	"Achei a gestão da fila atenciosa e amigável."
1	"O lugar é descontraído e a proposta particular e bem cuidada nos detalhes."
1	"O valor é médio alto e o serviço ágil."
0	"Um lugar que está na moda."
0	"Mas nada de "best 50"......"
0	"Cheguei no local na noite do dia 25/04/2019."
0	"O restaurante possui uma loja de vinhos, onde pude encontrar opções bastante em conta e outras um pouco mais caras."
0	"Tem vinhos para todos os gostos mas, para ser sincero, achei fraca da disponibilidade dos vinhos do Porto, meu vinho favorito."
0	"Muito poucas (e caras) opções."
1	"Os garçons são muito educados e atenciosos."
1	"O ambiente é interessante."
1	"Ambiente familiar."
1	"Os pratos são extraordinários, atendimento cortês e a Carla Pernambuco passa de mesa em mesa cumprimentando os clientes."
0	"Superou nossa expectativa."
1	"Uma opção excelente, os hambúrgueres são muito gostosos, a maionese artesanal é espetacular, as batatas bem crocantes, o atendimento é sempre bom."
1	"O melhor fondue que já comi!!!!"
1	"Tudo com muita qualidade e atendimento ideal."
1	"Única coisa chata é a espera."
0	"Cheguei às 20h e entrei somente as 22h."
0	"Mas ainda assim vale muito a pena."
0	"A hamburgueria oferece um conceito inovador, seja em seu cardápio ou em sua decoração."
0	"Trata-se da tradicional localização do famoso Rio’s ."
0	"A proposta é seguir o modelo do antigo Porcão, inclusive sem grandes modificações na estrutura."
1	"Mantiveram tudo igual: buffet de saladas incrivel e as carnes chegando a mesa no estilo rodízio."
0	"Quanto as carnes tudo dentro do esperado sem grandes novidades."
0	"Ficam devendo as costelas bovinas e as linguiças ."
1	"Preços bem salgados por sinal."
0	"Vou demorar para voltar!"
0	"fomos pra um café da manhã no dia dos pais, estava bem cheio mas havia mesa disponível."
1	"Local linda, com mesas ao ar livre e super arborizado, tem um cantinho pra crianças com alguns brinquedos e lápis pra desenhar."
1	"Comida boa mas sem muita variedade, devem melhorar no atendimento pq demora um pouco."
0	"Pedimos um cardápio pronto de café da manhã pra dividirmos, não troxeram pratos suficientes e, ao solicitarmos demoraram pra trazer, tivemos que pedir pra outra pessoa que prontamente nos atendeu."
1	"Vale a visita em um dia ensolarado, local muito aconchegante."
1	"Comida maravilhosa, preco justo...."
1	"Bar do Adão é tradicional dos cariocas!"
0	"Destaque para o pastel de camarão e a cervejinha na calçada!"
0	"Maravilhoso!"
1	"Fomos comemorar meu aniversário no Coco Bambu e tivemos um excelente atendimento - garçom Carlos , além da comida que estava deliciosa e bebidas perfeitas."
1	"Comida boa e com um diferencial no sabor."
1	"Lanches de qualidade e com inovação, bom para um final de tarde entre amigos"
1	"Outback é uma otima opção para comer e beber com qualidade, fica situado no shopping Center Norte com facil acesso, muito bom para almoço em familia, amigos e ate mesmo um almoço de negócio informal, recomendo como pedido a costelinha de porco, simplesmente perfeito."
1	"Sem duvida o menezes Grill é o melhor espetinho de carne que existe no bairro da Cidade Velha é bem servidor e delicioso."
0	"Posso ter tido azar, mas não gostei desse restaurante."
1	"A decoração é muito bonita, mas os pratos deixaram a desejar."
1	"Achei muito caro por aquilo que serve."
1	"Primeira vez que fui ao Mamma Jamma e tive uma boa experiência."
1	"Preço é justo: Pedi de entrada um pão com calabresa, com queijo gratinado (muito bom, por sinal) e uma pizza grande para dividir por 2 pessoas + bebidas, e deu um pouco menos de 60 reais para cada."
1	"Atendimento e comida excelente como sempre!"
1	"Restaurante dentro do Copacabana Palace....atendimento impecável, comida muito boa  e ambiente bom..."
1	"Restaurante nota 10, da recepção no estacionamento, atendimento, menu, visual, conforto e comida deliciosa."
1	"O preço compatível com a qualidade, menos de R$ 100 por pessoa com entrada, bebidas, pratos e sobremesa."
1	"Amplo estacionamento, serviço de primeira, uma das melhores opções de João Pessoa."
0	"O lugar que da vontade de voltar e levar os amigos."
0	"Estive com grupo de amigos, éramos em 10."
0	"Fomos bem atendidos."
1	"Ó restaurante não é muito grande, mas o serviço é muito bom e os pratos fartos."
0	"Dependendo da fome pode pedir um prato e dividir."
0	"Sobremesa peça o peti gatô deles."
0	"Bem gostoso."
0	"Estive no Skinna para comemorar o meu aniversário de casamento e fui realmemte surpreendido pela qualidade e principalmente pelo atendimento."
1	"Pedi de entrada casquinhas de siri e iscas de lagosta crocante, tudo muito fresco."
1	"De prato principal delícias do mar com cherne e lagosta e a qualidade se manteve e para finalizar carpaccio de banana, muito bom."
1	"O atendimento foi excelente e cada garçom que nos atendeu nos deram todas as informações e sugestões para que tivéssemos uma noite agradabilíssima."
0	"Eu recomendo sem medo."
1	"O lugar é bonito e divertido,  feito para turistas, já que só funciona às segundas."
0	"Há apresentação de quadrilha e banda tocando diversos ritmos, com foco no forró."
0	"A entrada é 50 reais por pessoa,  sem consumação."
0	"Além disso deve-se deixar separados 10 reais para os flanelinhas."
0	"No dia 20 de outubro, após indicações de amigos, fomos conhecer o tão bem recomendado hambúrguer desse estabelecimento."
1	"Chegando lá, encontramos um local muito pequeno e lotado, porém fomos informados que poderíamos comprar no delivery, do outro lado da rua, enquanto aguardávamos a mesa."
0	"Na compra no delivery já houve o primeiro fato “truculento”, cobrança facultativa de 10% para a “equipe de cozinha”."
0	"Após pegarmos nosso lanche, a segunda “surpresa”: não havia embalagem para o pudim, sendo entregue em uma lata, semelhante a uma lata de extrato de tomate e sem colher."
1	"O lamen é barato (um missô lamen e chashu tonkotsu lamen ficaram R$20 cada)."
1	"O atendimento foi bom, ao contrário do que as pessoas normalmente dizem."
0	"Ao invés de expulsar as pessoas apenas prezam pela limpeza do local, inclusive, ao final da refeição, nos foi oferecido mais uma porção de gyoza."
0	"O tempo de espera foi por volta de 1h e 30 min, mas pelo valor vale a pena esperar."
1	"Fomos conhecer a Cervejaria Amazon Beer no final da tarde e pedi bolinhos de queijo com carne seca e são maravilhosos."
0	"Tem um cardápio regional e há vários pratos que servem bem para duas pessoas."
0	"O preço é para turistas."
0	"tem uma bela vista panorâmica."
1	"Comida muito boa, ambiente muito descontraído, ótimo para confraternizar com amigos."
1	"Atendimento muito rápido.O único defeito é que quase sempre tem que enfrentar  uma fila de espera para entrar."
1	"Adorei a comida, porém o fato de o local ser muito grande achei um pouco desconfortável e o atendimento demorado."
1	"Apesar disso, como sempre, a comida estava ótima e sempre de ótima qualidade para agradar seus clientes"
0	"Eu, namorada fomos comemorar aniversário de uma colega."
1	"Foi bacana, opções de bebidas e comida boas, bom atendimento, ambiente agradável."
0	"Apesar de manter a mesma qualidade que os demais restaurantes da rede Elias, o da São Clemente fecha às 16:00 e não tem as cervejas artesanais da rede."
1	"Mas a comida... como sempre, maravilhosa!!!"
1	"Rodízio muito bom!"
1	"O atendimento é rápido e eficiente!"
1	"Shimeji quentinho e os sushis e sashimis frescos!"
0	"Vale a pena!!!"
1	"Ambiente agradavel,pratos bem servidos e sobremesas variadas.Espaço para crianças brincarem."
1	"Estacionamento amplo com manobrista pago."
1	"atendimento mto bom."
1	"comida mto bem preparada."
1	"mas deve se dizer que por ser feita para atender o grande publico, o ambiente se torna menos confortável, pois o barulho eh mto grande."
0	"No demais, vale a pena conhecer"
1	"O restaurante possui diversas opções de pratos, todas de qualidade excelente, sendo esse o seu ponto."
0	"Quase sem palavras para descrever."
1	"Ótimo atendimento do garçom Roberval Viana e uma comida excelente tbm!!!"
1	"Lugar agradável embora quando cheio alguns lugares ficam inviáveis por colocarem as mesas muito próximas, tem-se a impressão de invasão  de privacidade."
1	"Buffet de frios variados e bons."
1	"Pizza massa fina, bem servida de ingredientes ."
1	"Atendimento eficiente, local com ar condicionado."
1	"Padaria localizada ao lado do Hotel Ibis Budget da Frei Caneca que faz boa comida por preço justo."
1	"Os salgados são muito bons, especialmente os croissants."
1	"boa opção no centro da cidade.boa oferta de comida,preco e atendimento,limpeza tambem boa,recomendo."
0	"Eu e m eu filho comemos um Xfile e ficamos uma semana com infecção intestinal."
0	"No calçadão da Rua da Quitanda, bem próximo à Praça do Patriarca."
0	"Funciona no almoço com buffet com várias opções de pratos frios, quentes, sobremesas e sucos incluídos."
1	"Tudo com qualidade."
0	"É bar mas com opções de pratos para refeições e não somente petiscos."
0	"Cozinha brasileira."
0	"Pratos para compartilhar."
1	"Bom atendimento."
0	"Assim que você entra já ouve uma música ambiente, já fica flutuando."
0	"Aí tem duas árvores que foram preservarás na construção."
1	"Ambiente muito aconchegante."
0	"O buffet é a vontade, preço fixo."
0	"Pode se servir várias vezes."
0	"Tudo sem enlatados e temperos prontos."
0	"Bebida à vontade."
1	"Uma grande variedade de frutas."
1	"Preço justo."
0	"Ingredientes orgânicos para quem se preocupa com a saúde."
0	"Comprei para ir no rodízio de fondue com uns casais de amigo e gostei muito da visita."
0	"O restaurante Remanso do peixe oferece o que de melhor existe em pescado na amazônia."
0	"Morador ou visitante não pode deixar de conhecer essa maravilha da culinária paraense."
0	"Recomendo."
1	"Apesar de achar o couvert artístico um pouco caro demais e a espera para conseguir uma mesa ser um pouco cansativa, acho que o restaurante vale a pena."
1	"Não é barato, mas o serviço foi bom, a pizza veio super rápido, o menu é ótimo (várias opções de pizza e você pode optar por dividir a sua pizza em em até 3 sabores diferentes) e o ambiente é agradável."
1	"Bem localizado."
0	"Voltaria."
1	"Melhor pizza da cidade em termos de massa fina, preço um pouco salgado."
1	"Tem o melhor petit gateu da ilha."
1	"Muito bom!!"
1	"Atendimento excelente do Michael!!"
1	"Comida deliciosa e ambiente agradável!"
1	"Caipirinha deliciosa!"
1	"Pratos caros e visualmente feios."
0	"Pouca quantidade."
0	"Pedi o salmão e não tinha mais disponível na cozinha."
0	"Experiência pra não voltar mais."
1	"Comprar chocolates na cacau show é uma boa saída para quem quer fugir dos chocolates mais tradicionais e quer experimentar novos e deliciosos sabores de chocolates."
1	"Excelente atendimento."
0	"Ambiente tipicamente carioca."
1	"Comida muito bom, muito bem temperada."
1	"Preço justo."
1	"Excelente custo-benefício."
1	"Ambiente agradável, garçons educados, comida gostosa, mas... as porções dos pratos kids são muito, muito, muito pequenas."
0	"Vergonhoso cobrarem tão caro por tão pouca massa."
0	"Até meu filho de 3 anos saiu de lá com fome."
0	"Não volto mais, pois teria que pedir um prato de adulto para um menininho se alimentar adequadamente."
1	"Atendimento de primeira, ambiente super legal."
0	"Ideal para um jantar entre amigos."
1	"As opções com camarão são as melhores mas os de peixes também são uma delícia."
1	"O preço é razoável até."
1	"Chope bemtirado, comida questionável, o joelho de porco é bem feito, porém a salada de batatas veio azeda e o chucrute bem antigo."
1	"As salsichas de qualidade duvidosa."
1	"O preço para o Rio é compatível ."
1	"Ambiente acolhedor, bebidas self-service, rock dos melhores (clássicos e atuais) e atendimento maravilhoso."
1	"Esse restaurante é muito agradável, um excelente atendimento uma vista pro mar de abrilhantar os olhos e com uma refeição divina, nesse final de ano ele estarão fazendo um pacote muito bom pra quem gosta de celebrar a virada do ano de frente pro mar."
1	"Local agradável, amplo, cardápio variado e bom atendimento."
1	"Além de variados e deliciosos acaís, servem outras opções de lanches que equivalem à refeição e sucos muito gostosos."
1	"sushi di boa qualidade e otimo tempura de legumes e camarao, tambem tem sobremesa incluida no valor do rodizio"
1	"A pizzaria é um charme."
1	"O ambiente é ótimo para um encontro romântico ou para comer uma pizza com os amigos."
1	"O atendimento é bom, rápido e eficiente."
1	"Os preços não são baratos entretanto não chegam a ser astronômicos."
0	"Recomendo para uma refeição diferente e deliciosa."
0	"Dei mais uma chance para a Real."
0	"Genteeee!!!!"
0	"Vcs precisam ir a este lugar e comer a comida do Bryan, ver os arcos, beber Pisco, conversar com o chef sobre a comida peruana e terminar com o Suspiro a la limeña que é uma das 3 sobremesas mais incriveis que já comi!"
1	"Ambiente bem cuidado, atendimento excelente."
0	"Pequena variedade, mas atende inclusive  vegetarianos."
0	"Costuma ter bolinhas fritos a assados fora do habitual."
1	"Tudo bem caprichado."
1	"Preço caprichado também."
0	"Não é para o dia-a-dia."
0	"O kg custa R$ 65,00."
0	"Destaque para o creme brulee, boa pedida para sobremesa."
0	"Va com tempo."
0	"Mesas para muitas pessoas demoram um pouco para liberar"
1	"No Executivo Grill você tem um ambiente descontraído, com diversas opções de saladas, pratos quentes, carnes, feijoada, a comida é gostosa, o atendimento é razoável e o preço é muito bom."
1	"Ambiente super agradável e de ótimo atendimento."
0	"Fomos muito bem atendidos!"
1	"A carne é ótima e o lugar super agradável!"
0	"Recomendo!"
0	"Um dos melhores restaurantes que vi na cidade."
0	"Tradicional."
1	"As melhores burekas (folhados redondos recheados - em formato de donut) ."
0	"Para saborear no local e tambem levar pra casa (congeladas)."
0	"Ter no congelador sempre que pintar "aquela vontade" (e vai pintar sempre, rsrrss)."
1	"A de ricota e de espinafre são imbativeis."
1	"Lanche gostoso, as batatas chips que vêm de acompanhamento e a maionese temperada da casa são boas, atendimento e ambiente agradáveis, preço em conta e ainda tem delivery."
1	"As esfirras são a melhor propaganda do restaurante de comida tipica árabe, sabores variados (adoro a folheada de carne e a de azeitona), mas os outros pratos também são muito bons."
1	"Não deixem de experimentar os charutinhos de folha de uva, o tempero é leve e saboroso."
1	"O espaço é simples e o atendimento costuma ser rápido nas mesas."
0	"No balcão é um pouco mais confuso pela quantidade de pessoas que ficam ao redor esperando atendimento e comendo ali mesmo, mas é tb o lugar mais divertido já que podemos presenciar a interação entre os donos árabes ou descendentes e os funcionários brasileiros..."
0	"Cumpre o esperado."
1	"Boa variedade de carnes, e variado buffet de saladas e outros acompanhamentos."
1	"Bom atendimento."
1	"Preço razoável."
0	"Recomendo."
1	"Que desfrutar de um lanche leve e rápido vale a pena no flash lanches."
1	"Tudo muito cuidado e ambiência limpa."
1	"Restaurante muito bem localizado perto de varios hotéis , almoçamos depois das 16:00 sendo que a maioria dos restaurantes daquela região já estavam fechados, comida deliciosa feita com produtos saudáveis !"
0	"Adoramos !"
0	"Pedimos um rodízio que só começou a ser servido após chamar o garçom e reclamar"
1	"Um lindo lugar, cardápio muito direcionado à camarão, preços elevados, mais condizentes com bom ambiente que as porções poucp generosas."
1	"A casa costuma lotar no fim da tarde e serve um variado menu, de cerca de 30 itens, como pratos individuais e coletivos, para crianças, panelinhas, espetinhos e espetões, saladas, sanduíches, caldos e sobremesas."
0	"A porção de costela assada na brasa por seis horas, vai à mesa com mandioca, vinagrete e farofa."
0	"Ou seja, simplesmente DIVINOOO!"
1	"O restaurante oferece um cardápio com massas, strogonoff, saladas, picadinho servidos em porções generosas, contam com um delicioso café e o ambiente é agradável, aconchegante e leve."
1	"Infelizmente no dia que fui pedi duas opções de sobremesa que não tinham disponíveis, mas de modo geral a expriência foi muito agradável."
0	"Quero agradecer por escolherem as terras Brasileiras para lançar o Jamie's Italian."
0	"As refeições por aqui estão cada vez mais padronizadas e não saudáveis, talvez pela cultura ou talvez pela pressão dos restaurantes do tipo fast-food."
0	"Estamos ansiosos para vivenciar um marco nos costumes da nossa sociedade, o despertar do interesse nos alimentos, sua procedência e seu poder nutricional."
0	"PARABÉNS!"
1	"Batatas fritas muito especiais, burger extremamente saboroso (quem não come mal passado deve evitar)."
1	"Guarde espaço para a sobremesa, vale a pena!"
0	"Depois de uma indicacao na recepcao do hotel, tive a pessia ideia de ir conhecer o restaurante, que com luzes piscando na porta (tipo um pequeno enfeite para arvore de natal) ja me indicavam o que me esperava...pedi um salmao grelhado, que diziam servir 2 pessoas... O peixe chegou, com sal alem da conta, com batatas semi cozidas como acompanhamento, um molho que parecia o oleo do fusca do meu avo e regado tambem a salmoura...afff nem vou comentar da salada de entrada, qualquer bar de periferia poderia superar... Sobre o garcom, tive que repetir minhas solicitacoes por mais de 3 x cada... Descepcionante... Em resumo, nao volto nunca mais e se mesmo assim vc se encorajar, lembre-se eu nao recomendo..."
1	"Um boa opção para quem trabalha na região."
1	"O Restaurante Verde e Grill oferece carnes de qualidade acompanhadas de um buffet bastante interessante, com pasteis, quiche, várias opções de saladas e legumes."
1	"Um lugar super agradável!"
1	"Um cardápio variado com opções  de massas, pizzas, pratos ornamentados, tudo muito sofisticado e caprichado."
1	"As pizzas são super saborosas."
0	"Espaço infantil para crianças brincarem."
0	"Muito bom para ir com família ou jantar para casais."
1	"Comida Excelente, sem palavras!"
1	"Cardápio variado e muito bom gosto, o buffet e sem igual, vale a pena expetiencia!!"
1	"Comida boa de qualidade, variedade comida típica mineira!"
1	"Bom ambiente!"
1	"Bom atendimento!"
0	"Tem muita variedade de sobremesa!"
0	"Vale a pena!"
1	"Bastante variedade ( carnes, sushi, japonesa, chinesa) atendimento regular, uma área ampla, mas o preço um pouco acima da qualidade oferecida!"
1	"Restaurante bonito, que pela estilo parace ser caro, porem a moqueca estava mais barata do que na barraca na praia ."
0	"Os pratos nao veem em graaaande quantidade , mas a porçao para  duas pessoas cumpre com o objetivo, desde que uma das pessoas nao coma muito, o que e o caso da minha esposa, melhor para mim."
1	"Após dois anos,  retornamos , a casquinha de Siri continua maravilhosa , chopp muito bem tirado,  cremoso."
0	"O filet aperitivo com molho de mostarda,  deixou saudades aos de outras oportunidades."
1	"Ambiente super aconchegante."
1	"Excelente serviço de garçom."
1	"A casa é bem decorada, estava um pouco quente, ar desligado."
1	"Os PFs são bons e a bons preços."
0	"Mas o quilo não vale muito à pena: de segunda a sexta, muda pouca coisa."
0	"Mas vale muito à pena para tomar cerveja de noite."
1	"Boa opção de almoço na região , pois contam com sistema de buffet livre no horário de almoço, disponível ótimos pratos e saboroso, o único ponto negativo é que o salao de mesas não é tao grande o que gera um certa espera na chegada."
1	"lamens muito bons, bem tradicionais, apesar da grande espera por estar sempre lotado, vale a pena ter paciencia"
1	"Gosto bastante do açaí do Açaí Aju."
0	"Recomendo o que vem acompanhado de chantilly."
0	"Acho que o nome é Diplomata."
0	"O ponto negativo da casa está nos chamados hambúrgueres gourmet."
1	"Os molhos não são tão caprichados assim é o preço é bem caro."
0	"Não voltaria lá para comer os hambúrgueres."
1	"Achei o restaurante bem bacana com decoração sofisticada e cardapio muito bom."
1	"Ambiente tranquilo com musica boa."
1	"Já fui nas duas lojas deles e o burguer é muito bom e podes escolher o ponto do hamburguer o ambiente também é bem legal."
0	"Tomei cerveja artesanal"
1	"Sabia que o Nino era um bom restaurante, mas me surpreendi positivamente."
1	"Ambiente agradável, atendimento muito bom, com garçons simpáticos, que conhecem bastante dos pratos."
0	"Pedimos a entrada de Burrata com embutidos."
0	"Acompanha um pão delicioso!"
0	"Para prato principal, pedi o Tagliolini com funghi porcini puxado na manteiga de trufas e gema mole: Sensacional!!!"
0	"Nao quis nem colocar queijo parmesão para nao tirar o sabor do prato."
0	"Experimentei os outros que foram pedidos na mesa, mas preferi o meu!"
1	"Carta de vinhos boa, com opcoes justas."
0	"Em relacao ao preço do jantar, nao achei nenhum absurdo para Um jantar com entrada, prato principal, sobremesa e vinho."
0	"Recomendo o restaurante e certamente voltarei."
1	"Hoje comi um com o hot dog nesse restaurante e foi muito decepcionante."
0	"O lugar estava vazio, o atendente morrendo atrás do computador."
0	"Parece o pior dia da vida dele, nem bom dia deu."
0	"O lanche foi preparado por ele sem qualquer atenção."
0	"O molho para o nacho veio num copo ho plástico sem qq colher, os nachos eram maiores que o copo não tinha como pegar."
0	"O refrigerante veio em lata, sem copo sem canudo."
0	"Atendente estava nitidamente resfriado, fungando na comida."
1	"O preço cobrado  30 reais (Jan 20) é altíssimo se considerado a qualidade entregue."
0	"Lugar a se evitar."
0	"Quem sabe se os proprietários um dia virem esse análise façam algo, o lugar parece bacana."
0	"Ah outra mega decepção."
0	"O chatchup nitidamente foi colocado nos vidros da heinz."
0	"É nitidamente colocado outra marca, pois o sabor é daqueles bem vagabundos."
1	"Conheci o Folques Doces em março um ótimo ambiente com doces magníficos um lugar para saborear ótimos doces"
1	"O  Restaurante San Marino tem um ambiente agradável, o atendimento é muito bom, funcionários educados, a comida é muito saborosa."
1	"Comida espetacular, atendimento impecável, Petit Gateau perfeito, ambiente super agradável, sem duvida um dos melhores restaurantes que já fui."
1	"Um restaurante novo, bem montado, gostoso de se frequentar, parecido com outro de nome "Coco Bambu", com preços mais atraentes."
1	"Os pratos são fartos e bem feitos."
1	"O garçon que nos atendeu foi bastante solícito e explicou cada prato perguntado, com detalhes."
1	"Um dos problemas é que os pratos fartos, são exagerados para duas pessoas."
0	"Pedimos uma pescada acompanhada de arroz e legumes na manteiga, que servia tranquilamente 04 pessoas."
0	"Sugestão: que a casa sirva pratos em menor porção para que as pessoas possam solicitar mais variedades."
1	"No geral, um bom restaurante!"
1	"tudo muito saboroso e bem elaborado, os sanduíches poderiam ter um pão maior, pois o pão sempre acaba antes do hambúrguer, mas sempre delicioso."
1	"O delivery é bem rápido."
0	"Além das pizzas, vale a pena experimentar os breads e o dips de canela."
0	"Sempre perguntar se tem promoção, pois há a promoção de pizza em dobro."
1	"Comida incrível!!"
0	"Conheço bem a comida indiana e não poderia recomendar restaurante mais típico."
1	"Garçons Super atenciosos."
0	"Dono super simpático também"
1	"Atendimento simplesmente perfeito, todos muito atenciosos e simpáticos."
0	"Um senhor chamado Valdir tocando uma boa música no piano e depois na sanfona, indo de mesa em mesa de forma educada."
0	"Os pratos também sem comentários."
0	"Só não dou a nota 5 pela decoração, que tem um aspecto meio "velho"."
0	"Acho que eles tinham a ideia de fazer uma coisa  clássica, mas exageraram um pouco."
0	"Um dos melhores restaurantes de São Luís, especialista em carne de carneiro."
0	"Também umas das melhores pizzas da Ilha."
0	"Muito bom para ir com a família."
1	"Estrutura moderna e nova."
1	"Bom atendimento."
1	"Melhor hamburgueria de curitiba,tanto é que tem filial ate na terra do sanduiche,estados unidos.é caro!"
1	"Pizzaria muito boa, uma das melhores q já experimentei, atendimento impecável, comida de excelente qualidade, assim como bebidas... Preço justo"
1	"Ambiente pequeno, mas bem decorado e familiar."
1	"A pizza é bem gostosa!"
0	"Uma pizza família, com 8 pedaços, custa em torno de 45 reais."
1	"vale a pena ir recomendo a todos que vierem em são Paulo, limpo e legal para encontro com os amigos para bater um papo, bem localizado excelente"
0	"Tem 13 anos que não venho aqui em SP, fiz questão de conferir meu local de comida árabe preferido, servem uma iguaria chamada UZI ( massa folhada com recheio de arroz e cordeiro)"
1	"Simplesmente maravilhosa!"
1	"Bem servida, suculenta, tempero delicioso, sem defeitos."
0	"E o melhor, o preço."
0	"Parece inacreditável mas comemos uma peixada ao leite de coco e camarões acompanhada de pirao e arroz que servia bem três pessoas, em janeiro."
0	"Pagamos 40,00 reais."
1	"Sensacional."
1	"Bons ingredientes, variedade de combinações, é bem feita e tem bom preço."
0	"Sempre me salvam quando não quero cozinhar!!!"
1	"Uma delicia!!!."
0	"Única sugestão seria deixar menor quantidade de sushis na bandeja em que os garçons servem, pois quando chegam à mesa já estão com a alga murcha por estarem a algum tempo rodando pelo restaurante."
1	"Boa estrutura , peço justo, boa comida!"
1	"Praia linda, limpa, muito agradável!"
0	"Vale fazer uma caminha pela orla, tem falecias que garantem lindas fotos!"
0	"Pra quem gosta de comida gostosa sem pagar muito caro."
1	"Os pretzels são sempre frescos e bem preparados e o atendimento é muito bom."
0	"Excelente."
1	"Considero a melhor pizza de São Paulo, e dizem que a pizza em São Paulo é a melhor do mundo (concordo)."
0	"Essa é indiscutível."
1	"O espaço é agradavel, a comida é boa, mas o atendimento deixa a desejar."
1	"Os preços não são tão baixos."
1	"Cardápio criativo com  diferentes leituras da cozinha brasileira num lugar muito especial - bairro Santa Teresa , a Montmartre brasileira."
1	"ótima opção para curtir uma cerveja com os amigos ou família, ostras sempre frescas e varias outras opções de frutos do mar."
1	"Minha moqueca de arraia preferida."
1	"Uma pizza deliciosa... saladas deliciosas... atendimento excelente... e o valor muito honesto... sempre que vou a Curitiba, minha pizzaria preferida."
0	"Não deixe de visitar."
0	"Bem simples mas muito bem preparada."
0	"Não é tão apimentada quanto seria no Nepal mas é preparada por imigrantes."
1	"O Lugar fica numa galeria com amplo espaço na praça de alimentação exceto no horario de pico."
0	"Sugiro o prato do dia sempre."
1	"simplesmente AMO as comidas deste lugar, atenção especial para o “batuta de manzo”, que é uma espécie de tartar muito não muito “temperado” como de costume de outros restaurantes, que pra mim, é um ponto positivo."
0	"Belém carece de bons restaurantes, a preços honestos e onde seja possível conversar."
0	"O Midori é um deles."
1	"A comida é sempre boa e o serviço, excelente"
0	"Restaurante em que você monta o seu próprio prato de salada, escolhendo os ingredientes!"
1	"Os sucos são bons, mas um pouco doces demais."
1	"Preço bom!"
1	"Boa comida mas o serviço e lento e se pagar em dinheiro eles arredondam para mais devolvendo troco menor."
0	"Lamentável esta atitude"
0	"Loja localizada no Shopping Tucuruvi, compartilhando as mesas e cadeiras da praça de alimentação."
1	"Massa razoável, caseira."
1	"O atendimento é problemático, não porque o atendente seja ruim, mas deixam uma única pessoa para preparar a massa, entregar ao cliente e cobrar no caixa."
0	"Assim não dá mesmo."
1	"Há um fila e consequente demora no atendimento."
0	"Depois reclamam quando a freguesia vai embora... Não recomendo."
0	"Indico o Balada a qualquer hora do dia e da noite!"
0	"Tudo sempre muito bem feito e com muita qualidade."
1	"Ambiente agradável tanto na área interna, que é climatizada, quanto na ampla varanda."
0	"Considero outro ponto favorável é o fato deles estarem sempre introduzindo algo novo no cardápio!"
1	"Porções generosas, mas tem que saber pedir pq os preços são caros em alguns itens na proporção custo x benefício, por isso, veja o cardápio com calma e tire suas dúvidas sempre com os milhares de atendentes sempre a disposição no salão!"
1	"Tive uma experiência terrível com essa pizzaria."
0	"Solicitei uma pizza, para pagamento via cartão - o sinal da máquina era quase zero, e por isso, fiquei por 20 minutos aguardando o entregador, decidir o que ia fazer."
0	"Como a pizza já estava fria, e eu cansado, sugeri fazer transferência online."
0	"Assim, o fiz."
0	"No entanto, era sexta-feira, após as 22h."
0	"O sujeito que entregou a pizza me ligou as 22:40 reclamando que o dinheiro não cairia no mesmo dia!"
0	"Claro que não!!!!!!!"
0	"Somente no próximo dia útil!!!!"
0	"Como podem ser tão despreparados e limitados?"
0	"Nota zero!"
0	"R$ 74 por uma pizza que não vale R$ 40?"
0	"Não, nunca mais!!!"
0	"Realizem treinamento com seus funcionários!!!"
1	"Melhor opção no shopping para comidas e bebidas, ambiente muito bacana, bom atendimento e boa comida."
1	"Boa variedade de bebidas."
0	"O bar oferece muitas opções de refeições e petiscos."
1	"Os preços são razoáveis e as porções são muito bem servidas."
0	"Qualquer prato para duas pessoas é suficiente para alimentar três ou até quatro pessoas."
0	"Não deixe de experimentar o torresmo, o pastel de camarão e o arroz de brócolis."
1	"O Otto é um restaurante de referência na Tijuca se eu não me engano está fazendo 20 anos porém ele tem o preço acima do normal para a região, o preço não conduz com os pratos, mas tirando isso é excelente."
0	"Super recomendo."
1	"Frequento o restaurante desde que foi inaugurado e sempre foi impecável na qualidade dos pratos, decoração e atendimento."
1	"A decoração muito especial, que dá a impressão de estar entrando numa Villa Italiana é sempre impecável com suas maravilhosas hortências sempre impecáveis!"
1	"A qualidade dos produtos usados p/a execução dos pratos faz toda a diferença,sem contar o imperdível couvert com os pães de fabricação artezanal."
1	"Um ambiente de muito requinte, agradável, super culinária italiana que amo.. fui com um primo sempre vejo pois moro bem ao lado, achei tudo maravilhoso especial, sou apaixonada por restaurantes!"
0	"Toda vez que vou ao Rio, bato o ponto no Bar Luiz."
1	"Comida alemã excelente."
1	"Ótimo lugar para comer, ambiente bem agradável, atendimento bom, comida muito boa, preço razoável... Recomendo e ao lado tem uma ótima padaria"
1	"Excelente Hamburger."
1	"O buffet de saladas é bem variado."
1	"O sundae farofino é imperdível."
1	"É um restaurante de rede, mas a comida é muito boa."
1	"Bar com excelentes preços no Setor Oeste."
1	"Cerveja gelada, petiscos de bom preço."
1	"Local elegante e reservado."
1	"Bom atendimento e outros."
0	"Recomendo."
1	"Um restaurante muito bom, com boa comida, espaço, atendimento bom, bem localizado vale a pena ir, uma das boas opções de restaurante da região."
0	"O Latife nada mais é do que um fast food de comida árabe."
0	"Ainda sim, vale a pena experimentar os pratos lá servidos."
1	"A kafta, as esfihas e os kibes são muitos gostosos."
0	"Há um bufê de saladas, sempre fresquinhas."
1	"O preço é bem em conta."
0	"Vale a visita."
1	"Pizza rapida e em fatia."
0	"Tem várias filiais na cidade do RJ."
0	"Em ipanema na farme de amoedo tem outra."
1	"Restaurante maravilhoso, cardápio variado, com uma comida incrivelmente deliciosa."
1	"O preço é um pouco salgado, mas vale a pena pela qualidade que eles oferecem."
0	"Você não vai se arrepender."
1	"Tem uma localização ótima."
1	"É um kilão de qualidade, local climatizado, bem limpo, uma excelente variedades de pratos quevão do churrasco a caldeiradas e maniçoba (comida típica paraense) variedade de sobremesas, é muito frequentado pela classe média da cidade, então as vezes fica difícil ter boas mesas."
0	"eu recomendo"
1	"Excelente comida italiana com um atendimento excelente... Os proprietários preparam e servem as refeições com muita simpatia e cordialidade."
0	"Vale a pena conferir"
0	""Pratos e sobremesas tipicamente italianas feitas pelo chef Renato Ialenti, que mistura sabores, ingredientes e sofisticação às receitas sem perder a autenticidade da cozinha contadina""
1	"Local super agradável, funcionários atenciosos com atendimento de primeira qualidade."
1	"Cardápio variado com destaque para as carnes."
0	"Vale muito ir conhecer, porém vá com bolso preparado."
0	"Uma"
1	"A comida é deliciosa."
0	"tem sashimi de polvo que não tinha visto em Rio Branco!"
1	"O local só é pequeno."
1	"Comida simples e barata, para quem esta de passagem pelo centro de João Pessoa, eu recomendo."
1	"O local é organizado e limpo, tudo simples."
1	"Preço bom, com comida de altíssima qualidade, com espaço agradável e bem localizado."
1	"Atendimento de qualidade!!!"
0	"Recomento."
1	"Comida excelente e bastante variada."
1	"Atendimento da recpcionista da porta ruim."
1	"Funcionários despreparados."
1	"Uma das vezes em que fui ao restaurante, chegamos após uma caminhada na praia com roupa de ginastica e fomos barrados para entrar e ainda estávamos com bebe de 3 meses no colo. Concluindo: o restaurante é ótimo mas perde por despreparo de seus recepcionistas."
0	"Detalhe que estava um calor de 42 graus neste dia e o restaurante se localiza proximo a praia."
0	"Então fui ao restaurante em frente que deixou minha familia entrar sem frescura."
0	"Favor trocar as recepcionnistas para não perderem mais clientes."
1	"Os bombons já foram melhores, mais bem recheados."
0	"Como tudo do grupo Fasano não fiquei decepcionado em nenhum momento."
1	"Atendimento ótimo, comida maravilhosa e o preço não é astronômico."
1	"Excelente restaurante para saborear um lamen muito parecido com o do Japão."
1	"Lamen com diversas opções de caldos e ingredientes, atendimento simpático e fácil acesso, próximo a Avenida Paulista."
1	"Gosto muito do burguer king pelo aspecto menos fast food...gosto de churrasco e a bebida à vontade...excelente pedida..."
1	"Comemos o bolinho de feijoada que estava maravilhoso."
1	"Caipirinha de tangerina muito bem feita."
1	"Camarão na Moranga gostoso, mais poderia vir mais quente e com menos coentro."
1	"A comida é boa e o cardápio varia todos os dias da semana."
0	"Mas, se você tem problemas de pressão alta não vá!"
0	"O cozinheiro parece apreciar muito o sal, que ele utiliza generosamente nos pratos e molhos de salada."
0	"Evite os pratos com molhos e moquecas, são sempre os mais salgados, lamentavelmente."
1	"O lugar poderia ser mas confortável, as mesas  comunitárias são pequenas e apertadas."
0	"Não entendo porque o proprietário não expandiu na mesma galeria para trazer mais conforto para os clientes."
1	"As moças que atendem são eficientes e quase sempre simpáticas."
1	"Um ambiente lindo com vista incrível da cidade."
1	"A comida é muito boa, com ingredientes de qualidade e combinações bem contemporâneas."
1	"O drink beijo de jambu é equilibrado e muito gostoso."
0	"Só foi um pouco chato achar um Uber para subir até lá."
1	"Os pratos não são baratos mas é muito compreensível pela qualidade."
1	"Atendimento muito bom tb!"
0	"Bom, durante um jantar de negócios fomos convidados ao local que realmente se diferencia dos demais da cidade."
1	"Bastante sofisticado, com um ambiente de requinte."
0	"Mas, nessa tentativa de ser tão requintado, escapam alguns detalhes que prejudicam o local."
0	"Ou ao menos prejudicaram a primeira impressão."
0	"A entrada, com pastas, frios e pães, ficou servida por cerca de uma hora até que os pratos principais ficassem prontos."
0	"Por mais que possa ser uma 'tática' para que os negócios pudessem ser tratados durante esse meio tempo, isso não contribui."
1	"O prato principal estava muito bom, com filé, salmão e os cortes de porcos da região."
1	"O atendimento também estava bom, com muitos garçons."
1	"E a música ambiente bastante agradável."
1	"Comida excelente!"
1	"Ambiente super gostoso!"
0	"Self service, mas tudo fresquinho e gostoso,só chegue mais cedo pois a casa e lotada!"
1	"Lugar TOP, comida boa, atendimento muito bom!"
0	"Como o meu aniversário é o do meu pai são muito próximos, decidimos fazer uma única celebração, visto que não somos mais tão jovens assim."
0	"Escolhemos o CT por ser perto de casa e eu ainda não tinha provado a cozinha do Claude."
0	"Pedimos o tartar, que veio ok, acompanhado de batatas mal cozidas."
0	"A cerveja veio quente."
0	"Pedimos hambúrguer, não tinha... Não condiz com o nível em que o restaurante pretende se enquadrar."
0	"Muito fraco."
0	"Não recomendo"
1	"O restaurante é super bonito e bem descontraído, o atendimento é bem atencioso, as refeições e os lanches são super caprichados."
1	"O restaurante é muito simples, mas a carne de sol oferecida é espetacular."
1	"Os acompanhamentos são maravilhosos."
0	"Vale a pena conferir ..,"
1	"É um dos melhores lugares no Rio de Janeiro, fica sempre a dúvida, é bar ou restaurante."
1	"Indico pedir a carne assada com gnocchi a quatro queijos, vale a pena, muito bom."
0	"O melhor lugar em Aracaju para se comer frutos do mar, com certeza !"
1	"Todos os pratos são muito bem elaborados e saborosos com um toque de requinte !"
1	"Fui com a minha familia nesse excelente restaurante."
1	"Ótimo ambiente e atendimento."
0	"Pedimos 3 carnes, o gran chorizo, o bife pampeano e o ojo del bife ancho!"
0	"Como acompanhamento pedimos o arroz biro biro."
1	"O grande sucesso foi o gran chorizo!"
0	"Excelente!"
1	"Foi tudo muito gostoso!"
0	"Com certeza retornaremos!"
1	"Gostei muito do lugar, principalmente pelas sombras das árvores que amenizam o clima quente de porto velho."
1	"Cerveja bem gelada"
1	"Bons sanduíches mas nada diferentes do trivial, nas ultimas visitas achei a maionese da casa muito oleosa e sem tempero."
1	"Restaurante muito bom."
1	"Ambiente aberto e bem arborizado, sendo muito agradável."
1	"Comida de qualidade muito boa, drinks bacanas."
1	"Preço elevado, mas vale a pena visitar e desfrutar da vista."
1	"adoro os petiscos do bar do Alves,  mais os garçons são ruins,  o pedido demora muito."
1	"a comida é  saborosa,  o pastel tem uma massa muito boa,  tudo tem boa qualidade."
1	"é  fácil para estacionar e o restaurante é  bem ventilado."
1	"o banheiro é  limpo e as cadeiras são confortáveis."
1	"Apesar de gostoso, bom ambiente e funcionários educados, não vale o preço que cobra!"
0	"Um prato sai por volta de 140 reais e não vem bem servido!"
1	"Lugar lotado , fila de espera, mas anda rápido."
1	"Bom atendimento, cardápio gigantesco."
1	"Comi um prato de peixe, era gostoso, nada excepcional."
0	"Eu particularmente prefiro locais menores e mais personalizados,"
0	"É um restaurante que mantêm o padrão da rede."
0	"Temos a vantagem de evitar surpresas e a mesma desvantagem.. Não encontraremos um sabor "especial""
1	"A comida é simples e boa, o preço é bom."
1	"O ambiente é bem simples, nada sofisticado e o atendimento foi razoável."
1	"Vale o valor pago!"
0	"Fomos a esta casa depois de muitas vezes ir e voltar ao Uniko, na Rua da Quitanda, Centro do Rio, sendo esta La Terrazza um "anexo distante" da primeira."
1	"Cardápio bem variado, com opções de comida japonesa tanto tradicional como algumas opções gourmet, além de chapas."
1	"Atendimento ágil."
1	"Preços médios para alto."
0	"Oferecem desenhos para crianças."
1	"Fácil estacionamento."
1	"Viemos num jantar no domingo, o ótimo atendimento já começa ao chegar no restaurante, com os rapazes cuidando do carro."
0	"Sentamos e nos foi explicado como funciona a casa."
1	"Proposta interessante, carnes de primeiríssima qualidade e acompanhamentos de muita qualidade."
0	"A coisa mais surpreendente foi o salmão ao molho de maracujá e o arroz piemonteses, tudo surpreendentemente gostoso."
1	"Os atendimentos dos rapazes é ótimo!"
0	"Vale muito a visita."
1	"Melhor pizza do Extremo Sul."
0	"Bem recheada e com ingredientes de qualidade."
0	"Massa aberta na hora."
0	"Não tem forno à lenha, o que não interfere em muito na qualidade."
0	"Sempre peço a tradicional, nunca comi as de cone."
1	"Ambiente bem legal de se comer no local."
0	"Ótimo."
1	"Típico restaurante indiano, fomos com um casal de amigos, adoramos o ambiente que é bem familiar e agradável."
1	"A comida deliciosa com boas opções."
1	"Atendimento rápido e prático."
0	"Iniciamos com a entrada Chutneys, que são 3 molhos da casa (hortelã, tamarindo e papaia) acompanhado com o pão indiano masala papad."
0	"Depois pedimos porção de arroz com açafrão Kesari Pullao, porção de frango Murg Masala e porção de carneiro Gosht Masala."
0	"Bebemos uma cerveja bem gelada."
0	"Todos os pratos pedimos levemente apimentados e eles trouxeram pimenta a parte."
0	"Estilo natural e vegetariano."
0	"O restaurante Peixe Vivo, apesar do nome não tem peixe vivo, porém todos os produtos, ficam em expositor refrigerado, de vidro, onde você pode escolher o que quer comer."
1	"Ótimas carnes, um buffet impecável e um atendimento excelente."
1	"Diferente do esperado para um domingo, enormes filas, chegamos e sentamos na varanda."
0	"Os pratos tem os valores médios de R$50,00."
1	"Os pedidos vieram rápido, estavam gostosos e nos pontos solicitados."
0	"Como críticas ficam a proximidade das mesas(menos de 20cm), impossibilitando qualquer tipo de privacidade, e os ridiculos R$7,50(por pessoa) do couvert, para 1(um) pedaço de pão e uma bolinha de manteiga."
1	"O Bawarchi é um restaurante indiano legítimo, sendo até seus atendentes naturais do país."
1	"A comida é simples, com poucas opções durante a semana, mas muito saborosa."
1	"E o preço é muito baixo, cerca de 20 reais o quilo."
1	"Ambiente agradável, atendimento excelente, preço compatível."
1	"Ambiente maravilhoso, música agradável, comida impecável e um garçom maravilhoso: Roberto, vc foi demais!!!"
1	"Boa opcao, almoco e jantar."
0	"Vou mais no almoco e aprecio a variedade principalmente das massas."
1	"Spaghetti com peperonccino, apimentado na medida certa, muito gostoso."
0	"Localizado na ilha da gigoia, na barra da tijuca, tem acesso apenas por barco."
0	"A ilha fica escondida atrás de avenidas e prédios."
0	"É preciso indicação."
0	"O restaurante tem uma ornamentação com mobiliário antigo, mas confortável, numa área que parece ser o quintal da casa sob uma antiga e frondosa castanheira, cujo fruto é conhecido no nordeste como coração de negro."
1	"A decoração é de bom gosto e pitoresca."
1	"O atendimento foi simpático."
1	"A comida muito boa."
1	"Almoçamos um grelhado de peixe, lula e polvo, que estava saboroso."
1	"Ingredientes frescos."
1	"Não é barato, mas valeu a visita."
0	"Comi um peixe podre no dia dos pais, parecia, pela minha expressão facial de repúdio ao sabor, que tinham injetado-me botox."
0	"O mais cômico foi ouvir de uma funcionária que não estava estragado (ela não provou, claro)."
0	"Decerto ela deveria estar correta e minhas dezenas de milhares de células gustativas, com alta apuração para detecção de coisas podres, todas erradas."
0	"Praticamente tive que implorar para que cancelassem o valor do meu prato na minha comanda, mas se não cancelassem não faria tanta diferença, porque faria bom proveito usando como isca pra caçar urubu."
0	"Sem falar na coca que demorou mais de 20 minutos para chegar na mesa,"
1	"Ambiente gostoso  , decoração e espaço belissimo , limpeza muito boa , atendimento nota 10 porem a  pizza deixa muito a desejar com relação a massa e sabor ."
1	"O restaurante frango leste é um simples, já antigo e com a cerveja gelada, tem uma comida de qualidade, destaque para o frango desossado e a paçoca."
1	"Lugar de fácil acesso perto do aeroporto, tem uma variedade muito grande de sushis e bebidas, pena que não tem sashimi de atum nem polvo, mas vale muita a pena é uma ótima opção em refeição e o custo beneficio é ótimo pois lá tem sempre promoção."
1	"Tudo feito na hora e tudo muito gostoso!"
1	"Ótima experiência gastronômica; destaque para a feijoada, o ceviche de caju e o arroz de chouriço."
1	"Ótimo atendimento e boa localização."
1	"Pesam contra o preço alto, as poucas opções de suco e a decoração muito despojada."
1	"Mesmo assim, no geral, uma ótima opção."
1	"A barraca estava lotada, e o atendimento demorado... mas o caranguejo estava excelente assim como a bolinha de peixe e as caipirinhas!!"
1	"O Vamo é um achado!"
1	"Uma união de boa comida, bom preço e bom atendimento."
0	"Já fui algumas vezes, em diversas ocasiões, com grupos grandes, pequenos e mesmo em um jantar a dois."
1	"O Atendimento é sempre bom."
1	"Saborosa e calorosa porque a Yeran e o Agop vão em todas as mesas ver se estamos gostando muito!"
1	"Além de tudo ser ótimo tem um molho de hortelã imperdível que fica acima do servidor, não percam!"
0	"Tomar nota que este hotel serve uma grande refeição de tamanho para começar por encomenda uma refeição e partilhar entre duas pessoas."
1	"Lugar descontraído para levar os amigos,bater papo, petiscar e tomar um chopinho."
1	"Os preços são bons e fomos muito bem atendidas."
1	"Lugar agradável, seguro, com estacionamento privativo, música ao vivo, um mar de bolinhas pra criançada, e os melhores food trucks e lá tb tem os melhores churros que já comi!!"
0	"Frequento desde que abriu."
1	"No começo  quando eu comecei a comprar as pizzas na Carginalli era usado material de qualidade era muito bom."
1	"Só que passou a vir a pizza além  de queimada com pouco recheio e a qualidade do material péssima."
1	"É um dos mais antigos restaurantes italianos da cidade, a comida é muito boa, tem um rotoloni maravilhoso!"
1	"Não gostamos de ir durante o fim de semana devido a acústica, geralmete é lotado e fica muito barulhento."
0	"Não é um restaurante que turista frequente, mas vale a pena!"
1	"Excelente custo beneficio."
1	"É um restaurante coma a vontade com clima familiar, super limpo, comida boa e variada e otimo atendimento."
0	"recomendo!"
1	"Lugar especialmente agradável, atendimento excepcional e a comida deliciosa."
1	"Ótima apresentação dos pratos."
1	"Carnes Angus muito saborosas e todo tipo de acompanhamentos a um preço razoável."
0	"Aberto direto até 22 hs."
0	"Recomendo."
1	"O serviço do Bob's é quase sempre confuso e demorado."
0	"Por isso, se quiser realmente comer lá, vá quando estiver começando a ficar com fome."
1	"Restaurante japonês excelente."
0	"Diversidade nos tipos de peixes e pratos quentes."
1	"Preço justo e sobremesa já incluída no valor."
0	"Um fast food de comida japonesa que cumpre o que promete."
1	"Preço justo, serviço funcional e alimentos bem preparados e apresentados!"
0	"Fui no bife de chorizo e não me arrependi!"
1	"Carne saborosíssima com belos acompanhamentos também."
1	"Garçom atencioso e preço justo pelo que oferece."
0	"Recomendo."
1	"Local aparentemente simples e pequeno mas super agradável e acolhedor."
1	"Cardápio bem enxuto, mas com itens que resolvem e agradam."
1	"Preço justo e atendimento excelente."
0	"Localizado no Shopping Vila Olímpia, este restaurante é especializado em carnes, melhor dizendo, em burguers."
1	"E seus hambúrgueres são realmente caprichados, com nível de gordura menor que a maioria e com um pão especial, mais crocante, que vai muito bem com a carne e complementos."
0	"Há vários tipos de carnes e de tamanhos, vale experimentar."
0	"Outros pratos, oferecem massas, e um Wierner Schnietzel com maionese da casa,  muito bom."
0	"Aliás, tudo é feito em casa, maionese, linguiças, pão."
1	"A carta de vinhos é enxuta, mas adequada, e com preços bem razoáveis."
0	"A conferir."
0	"O movimento na porta chamou atenção!"